{"cameraMode":{"drawMode":0,"name":"Shaded","section":"Shading Mode"},"sceneLighting":false,"audioPlay":false,"sceneViewState":{"showFog":false,"showMaterialUpdate":true,"showSkybox":true,"showFlares":false,"showImageEffects":false,"showParticleSystems":false},"in2DMode":false,"pivot":{"x":-0.23999999463558198,"y":5.559999942779541,"z":-12.260000228881836},"rotation":{"x":0.15319354832172395,"y":-0.37630221247673037,"z":0.06324227154254914,"w":0.9115655422210693},"size":10.0,"orthographic":false}